{
  "/zentao/bug-edit-5.html-19-0" : {
    "transaction" : "/zentao/bug-edit-5.html-19-0",
    "sampleCount" : 50,
    "errorCount" : 0,
    "errorPct" : 0.0,
    "meanResTime" : 42.07999999999999,
    "medianResTime" : 39.5,
    "minResTime" : 11.0,
    "maxResTime" : 112.0,
    "pct1ResTime" : 77.49999999999997,
    "pct2ResTime" : 102.69999999999997,
    "pct3ResTime" : 112.0,
    "throughput" : 5.005005005005005,
    "receivedKBytesPerSec" : 5.997208145645645,
    "sentKBytesPerSec" : 2.3998607982982985
  },
  "/zentao/story-ajaxGetProductStories-1-0-0-null.html-22" : {
    "transaction" : "/zentao/story-ajaxGetProductStories-1-0-0-null.html-22",
    "sampleCount" : 50,
    "errorCount" : 0,
    "errorPct" : 0.0,
    "meanResTime" : 49.040000000000006,
    "medianResTime" : 45.5,
    "minResTime" : 11.0,
    "maxResTime" : 116.0,
    "pct1ResTime" : 88.6,
    "pct2ResTime" : 101.89999999999999,
    "pct3ResTime" : 116.0,
    "throughput" : 5.02563071665494,
    "receivedKBytesPerSec" : 6.472953468941602,
    "sentKBytesPerSec" : 2.051478163634536
  },
  "/zentao/bug-edit-5.html-19-1" : {
    "transaction" : "/zentao/bug-edit-5.html-19-1",
    "sampleCount" : 50,
    "errorCount" : 0,
    "errorPct" : 0.0,
    "meanResTime" : 44.780000000000015,
    "medianResTime" : 41.0,
    "minResTime" : 14.0,
    "maxResTime" : 105.0,
    "pct1ResTime" : 78.69999999999999,
    "pct2ResTime" : 89.79999999999998,
    "pct3ResTime" : 105.0,
    "throughput" : 5.0115265109752425,
    "receivedKBytesPerSec" : 14.81924050315726,
    "sentKBytesPerSec" : 2.5008691866292474
  },
  "/zentao/bug-browse-1-0-byModule-0-id_desc.html-18-1" : {
    "transaction" : "/zentao/bug-browse-1-0-byModule-0-id_desc.html-18-1",
    "sampleCount" : 50,
    "errorCount" : 0,
    "errorPct" : 0.0,
    "meanResTime" : 45.699999999999996,
    "medianResTime" : 44.0,
    "minResTime" : 12.0,
    "maxResTime" : 97.0,
    "pct1ResTime" : 83.6,
    "pct2ResTime" : 93.79999999999998,
    "pct3ResTime" : 97.0,
    "throughput" : 4.995004995004995,
    "receivedKBytesPerSec" : 14.770385864135864,
    "sentKBytesPerSec" : 2.4536010864135864
  },
  "/zentao/bug-browse-1-0-byModule-0-id_desc.html-18-0" : {
    "transaction" : "/zentao/bug-browse-1-0-byModule-0-id_desc.html-18-0",
    "sampleCount" : 50,
    "errorCount" : 0,
    "errorPct" : 0.0,
    "meanResTime" : 39.160000000000004,
    "medianResTime" : 36.0,
    "minResTime" : 11.0,
    "maxResTime" : 88.0,
    "pct1ResTime" : 63.599999999999994,
    "pct2ResTime" : 66.0,
    "pct3ResTime" : 88.0,
    "throughput" : 4.9805757545572265,
    "receivedKBytesPerSec" : 6.123578979480028,
    "sentKBytesPerSec" : 2.461104816216755
  },
  "/zentao/bug-browse-1.html-9-1" : {
    "transaction" : "/zentao/bug-browse-1.html-9-1",
    "sampleCount" : 50,
    "errorCount" : 0,
    "errorPct" : 0.0,
    "meanResTime" : 42.019999999999996,
    "medianResTime" : 37.5,
    "minResTime" : 12.0,
    "maxResTime" : 121.0,
    "pct1ResTime" : 69.8,
    "pct2ResTime" : 80.94999999999996,
    "pct3ResTime" : 121.0,
    "throughput" : 4.876145894285157,
    "receivedKBytesPerSec" : 14.418439602837918,
    "sentKBytesPerSec" : 2.328550138970158
  },
  "/zentao/theme/zui/fonts/Oswald-Regular.ttf-8" : {
    "transaction" : "/zentao/theme/zui/fonts/Oswald-Regular.ttf-8",
    "sampleCount" : 50,
    "errorCount" : 0,
    "errorPct" : 0.0,
    "meanResTime" : 4.8999999999999995,
    "medianResTime" : 3.0,
    "minResTime" : 0.0,
    "maxResTime" : 22.0,
    "pct1ResTime" : 10.899999999999999,
    "pct2ResTime" : 15.899999999999991,
    "pct3ResTime" : 22.0,
    "throughput" : 4.884720593982024,
    "receivedKBytesPerSec" : 407.124765686059,
    "sentKBytesPerSec" : 2.199078314282923
  },
  "/zentao/bug-browse-1.html-9-0" : {
    "transaction" : "/zentao/bug-browse-1.html-9-0",
    "sampleCount" : 50,
    "errorCount" : 0,
    "errorPct" : 0.0,
    "meanResTime" : 40.37999999999998,
    "medianResTime" : 36.5,
    "minResTime" : 10.0,
    "maxResTime" : 88.0,
    "pct1ResTime" : 79.19999999999999,
    "pct2ResTime" : 83.44999999999999,
    "pct3ResTime" : 88.0,
    "throughput" : 4.88328938372888,
    "receivedKBytesPerSec" : 5.869961818781131,
    "sentKBytesPerSec" : 2.2461223630237326
  },
  "/zentao/bug-edit-5.html-19" : {
    "transaction" : "/zentao/bug-edit-5.html-19",
    "sampleCount" : 50,
    "errorCount" : 0,
    "errorPct" : 0.0,
    "meanResTime" : 86.97999999999999,
    "medianResTime" : 84.5,
    "minResTime" : 31.0,
    "maxResTime" : 170.0,
    "pct1ResTime" : 144.9,
    "pct2ResTime" : 155.79999999999998,
    "pct3ResTime" : 170.0,
    "throughput" : 4.998000799680129,
    "receivedKBytesPerSec" : 20.768059963514595,
    "sentKBytesPerSec" : 4.890621876249501
  },
  "/zentao/bug-browse-1.html-1" : {
    "transaction" : "/zentao/bug-browse-1.html-1",
    "sampleCount" : 50,
    "errorCount" : 0,
    "errorPct" : 0.0,
    "meanResTime" : 93.20000000000002,
    "medianResTime" : 87.0,
    "minResTime" : 35.0,
    "maxResTime" : 196.0,
    "pct1ResTime" : 154.5,
    "pct2ResTime" : 178.59999999999997,
    "pct3ResTime" : 196.0,
    "throughput" : 4.849190185239065,
    "receivedKBytesPerSec" : 20.1672326580836,
    "sentKBytesPerSec" : 4.252512486664727
  },
  "/zentao/score-ajax-lastNext.html-23" : {
    "transaction" : "/zentao/score-ajax-lastNext.html-23",
    "sampleCount" : 50,
    "errorCount" : 0,
    "errorPct" : 0.0,
    "meanResTime" : 24.300000000000004,
    "medianResTime" : 18.0,
    "minResTime" : 7.0,
    "maxResTime" : 60.0,
    "pct1ResTime" : 48.8,
    "pct2ResTime" : 56.89999999999999,
    "pct3ResTime" : 60.0,
    "throughput" : 5.048465266558966,
    "receivedKBytesPerSec" : 6.0487910503331985,
    "sentKBytesPerSec" : 1.9671266028877221
  },
  "/zentao/bug-browse-1.html-9" : {
    "transaction" : "/zentao/bug-browse-1.html-9",
    "sampleCount" : 50,
    "errorCount" : 0,
    "errorPct" : 0.0,
    "meanResTime" : 82.52000000000001,
    "medianResTime" : 75.0,
    "minResTime" : 31.0,
    "maxResTime" : 186.0,
    "pct1ResTime" : 127.6,
    "pct2ResTime" : 146.35,
    "pct3ResTime" : 186.0,
    "throughput" : 4.866180048661801,
    "receivedKBytesPerSec" : 20.238366788321166,
    "sentKBytesPerSec" : 4.562043795620438
  },
  "/zentao/bug-create-1-0-moduleID=0.html-17" : {
    "transaction" : "/zentao/bug-create-1-0-moduleID=0.html-17",
    "sampleCount" : 50,
    "errorCount" : 0,
    "errorPct" : 0.0,
    "meanResTime" : 115.10000000000002,
    "medianResTime" : 105.0,
    "minResTime" : 39.0,
    "maxResTime" : 215.0,
    "pct1ResTime" : 192.1,
    "pct2ResTime" : 199.35,
    "pct3ResTime" : 215.0,
    "throughput" : 4.88997555012225,
    "receivedKBytesPerSec" : 43.18364150366748,
    "sentKBytesPerSec" : 19.410146699266505
  },
  "/zentao/bug-browse-1-0-byModule-0-id_desc.html-18" : {
    "transaction" : "/zentao/bug-browse-1-0-byModule-0-id_desc.html-18",
    "sampleCount" : 50,
    "errorCount" : 0,
    "errorPct" : 0.0,
    "meanResTime" : 84.96000000000002,
    "medianResTime" : 80.5,
    "minResTime" : 23.0,
    "maxResTime" : 156.0,
    "pct1ResTime" : 130.5,
    "pct2ResTime" : 145.45,
    "pct3ResTime" : 156.0,
    "throughput" : 4.970673029128144,
    "receivedKBytesPerSec" : 20.809839136594096,
    "sentKBytesPerSec" : 4.897860435928025
  },
  "/zentao/js/kindeditor/kindeditor.min.js-11" : {
    "transaction" : "/zentao/js/kindeditor/kindeditor.min.js-11",
    "sampleCount" : 50,
    "errorCount" : 0,
    "errorPct" : 0.0,
    "meanResTime" : 32.95999999999999,
    "medianResTime" : 33.0,
    "minResTime" : 12.0,
    "maxResTime" : 85.0,
    "pct1ResTime" : 50.0,
    "pct2ResTime" : 65.39999999999995,
    "pct3ResTime" : 85.0,
    "throughput" : 4.885197850512945,
    "receivedKBytesPerSec" : 292.5107627015144,
    "sentKBytesPerSec" : 1.8796562042012703
  },
  "/zentao/theme/zui/fonts/ZentaoIcon.woff-4" : {
    "transaction" : "/zentao/theme/zui/fonts/ZentaoIcon.woff-4",
    "sampleCount" : 50,
    "errorCount" : 0,
    "errorPct" : 0.0,
    "meanResTime" : 6.480000000000002,
    "medianResTime" : 5.0,
    "minResTime" : 0.0,
    "maxResTime" : 31.0,
    "pct1ResTime" : 15.799999999999997,
    "pct2ResTime" : 21.24999999999998,
    "pct3ResTime" : 31.0,
    "throughput" : 4.885197850512945,
    "receivedKBytesPerSec" : 302.3088284684905,
    "sentKBytesPerSec" : 2.3185606985832927
  },
  "/zentao/bug-create-1-0-moduleID=0.html-10" : {
    "transaction" : "/zentao/bug-create-1-0-moduleID=0.html-10",
    "sampleCount" : 50,
    "errorCount" : 0,
    "errorPct" : 0.0,
    "meanResTime" : 76.78,
    "medianResTime" : 71.5,
    "minResTime" : 30.0,
    "maxResTime" : 139.0,
    "pct1ResTime" : 115.9,
    "pct2ResTime" : 134.59999999999997,
    "pct3ResTime" : 139.0,
    "throughput" : 4.863340142009532,
    "receivedKBytesPerSec" : 20.286397541581557,
    "sentKBytesPerSec" : 4.630621717245404
  },
  "/zentao/bug-browse-1.html-1-1" : {
    "transaction" : "/zentao/bug-browse-1.html-1-1",
    "sampleCount" : 50,
    "errorCount" : 0,
    "errorPct" : 0.0,
    "meanResTime" : 50.439999999999976,
    "medianResTime" : 42.5,
    "minResTime" : 13.0,
    "maxResTime" : 156.0,
    "pct1ResTime" : 88.69999999999999,
    "pct2ResTime" : 106.44999999999999,
    "pct3ResTime" : 156.0,
    "throughput" : 4.913522012578616,
    "receivedKBytesPerSec" : 14.52847846648978,
    "sentKBytesPerSec" : 2.1976494939072326
  },
  "/zentao/bug-browse-1.html-1-0" : {
    "transaction" : "/zentao/bug-browse-1.html-1-0",
    "sampleCount" : 50,
    "errorCount" : 0,
    "errorPct" : 0.0,
    "meanResTime" : 42.62000000000002,
    "medianResTime" : 33.0,
    "minResTime" : 16.0,
    "maxResTime" : 140.0,
    "pct1ResTime" : 79.8,
    "pct2ResTime" : 99.64999999999992,
    "pct3ResTime" : 140.0,
    "throughput" : 4.870920603994155,
    "receivedKBytesPerSec" : 5.8550939174378955,
    "sentKBytesPerSec" : 2.0929736970287385
  },
  "/zentao/bug-edit-5.html-24-1" : {
    "transaction" : "/zentao/bug-edit-5.html-24-1",
    "sampleCount" : 50,
    "errorCount" : 0,
    "errorPct" : 0.0,
    "meanResTime" : 44.120000000000005,
    "medianResTime" : 39.5,
    "minResTime" : 14.0,
    "maxResTime" : 93.0,
    "pct1ResTime" : 70.9,
    "pct2ResTime" : 77.89999999999999,
    "pct3ResTime" : 93.0,
    "throughput" : 5.106209150326798,
    "receivedKBytesPerSec" : 15.098721373314952,
    "sentKBytesPerSec" : 2.592996834150327
  },
  "/zentao/theme/zui/fonts/ZentaoIcon.ttf-7" : {
    "transaction" : "/zentao/theme/zui/fonts/ZentaoIcon.ttf-7",
    "sampleCount" : 50,
    "errorCount" : 0,
    "errorPct" : 0.0,
    "meanResTime" : 3.9600000000000017,
    "medianResTime" : 2.5,
    "minResTime" : 0.0,
    "maxResTime" : 16.0,
    "pct1ResTime" : 10.899999999999999,
    "pct2ResTime" : 12.349999999999987,
    "pct3ResTime" : 16.0,
    "throughput" : 4.88663017982799,
    "receivedKBytesPerSec" : 302.0128335125098,
    "sentKBytesPerSec" : 2.2142543002345585
  },
  "/zentao/index-index.html-6" : {
    "transaction" : "/zentao/index-index.html-6",
    "sampleCount" : 50,
    "errorCount" : 0,
    "errorPct" : 0.0,
    "meanResTime" : 66.9,
    "medianResTime" : 64.5,
    "minResTime" : 15.0,
    "maxResTime" : 137.0,
    "pct1ResTime" : 110.8,
    "pct2ResTime" : 120.69999999999997,
    "pct3ResTime" : 137.0,
    "throughput" : 4.858614323195025,
    "receivedKBytesPerSec" : 66.37892029443202,
    "sentKBytesPerSec" : 2.2347727990477115
  },
  "/zentao/bug-edit-5.html-24-0" : {
    "transaction" : "/zentao/bug-edit-5.html-24-0",
    "sampleCount" : 50,
    "errorCount" : 0,
    "errorPct" : 0.0,
    "meanResTime" : 39.46,
    "medianResTime" : 33.0,
    "minResTime" : 12.0,
    "maxResTime" : 146.0,
    "pct1ResTime" : 74.9,
    "pct2ResTime" : 87.79999999999998,
    "pct3ResTime" : 146.0,
    "throughput" : 5.066882853668424,
    "receivedKBytesPerSec" : 6.070857981607215,
    "sentKBytesPerSec" : 19.243664813032023
  },
  "/zentao/bug-ajaxGetModuleOwner-0-1.html-16" : {
    "transaction" : "/zentao/bug-ajaxGetModuleOwner-0-1.html-16",
    "sampleCount" : 50,
    "errorCount" : 0,
    "errorPct" : 0.0,
    "meanResTime" : 52.17999999999998,
    "medianResTime" : 46.5,
    "minResTime" : 13.0,
    "maxResTime" : 108.0,
    "pct1ResTime" : 89.0,
    "pct2ResTime" : 100.24999999999997,
    "pct3ResTime" : 108.0,
    "throughput" : 4.892367906066536,
    "receivedKBytesPerSec" : 5.93868487035225,
    "sentKBytesPerSec" : 2.011412977005871
  },
  "/zentao/bug-create-1-0-moduleID=0.html-17-0" : {
    "transaction" : "/zentao/bug-create-1-0-moduleID=0.html-17-0",
    "sampleCount" : 50,
    "errorCount" : 0,
    "errorPct" : 0.0,
    "meanResTime" : 44.44000000000002,
    "medianResTime" : 43.0,
    "minResTime" : 13.0,
    "maxResTime" : 108.0,
    "pct1ResTime" : 78.9,
    "pct2ResTime" : 88.04999999999995,
    "pct3ResTime" : 108.0,
    "throughput" : 4.902441415825081,
    "receivedKBytesPerSec" : 5.893462287969409,
    "sentKBytesPerSec" : 17.142458819492106
  },
  "/zentao/bug-create-1-0-moduleID=0.html-10-0" : {
    "transaction" : "/zentao/bug-create-1-0-moduleID=0.html-10-0",
    "sampleCount" : 50,
    "errorCount" : 0,
    "errorPct" : 0.0,
    "meanResTime" : 34.16,
    "medianResTime" : 30.5,
    "minResTime" : 14.0,
    "maxResTime" : 71.0,
    "pct1ResTime" : 60.9,
    "pct2ResTime" : 68.89999999999999,
    "pct3ResTime" : 71.0,
    "throughput" : 4.869971754163826,
    "receivedKBytesPerSec" : 5.912925665968638,
    "sentKBytesPerSec" : 2.3065784187201714
  },
  "/zentao/bug-create-1-0-moduleID=0.html-10-1" : {
    "transaction" : "/zentao/bug-create-1-0-moduleID=0.html-10-1",
    "sampleCount" : 50,
    "errorCount" : 0,
    "errorPct" : 0.0,
    "meanResTime" : 42.44000000000001,
    "medianResTime" : 40.0,
    "minResTime" : 13.0,
    "maxResTime" : 93.0,
    "pct1ResTime" : 72.6,
    "pct2ResTime" : 83.84999999999994,
    "pct3ResTime" : 93.0,
    "throughput" : 4.879000780640125,
    "receivedKBytesPerSec" : 14.42783424204723,
    "sentKBytesPerSec" : 2.3346781079234975
  },
  "Total" : {
    "transaction" : "Total",
    "sampleCount" : 1550,
    "errorCount" : 0,
    "errorPct" : 0.0,
    "meanResTime" : 53.08064516129033,
    "medianResTime" : 44.0,
    "minResTime" : 0.0,
    "maxResTime" : 272.0,
    "pct1ResTime" : 106.0,
    "pct2ResTime" : 128.89999999999964,
    "pct3ResTime" : 177.49,
    "throughput" : 142.6336615441244,
    "receivedKBytesPerSec" : 2582.228233988221,
    "sentKBytesPerSec" : 138.90174956289684
  },
  "/zentao/js/kindeditor/kindeditor.min.js-20" : {
    "transaction" : "/zentao/js/kindeditor/kindeditor.min.js-20",
    "sampleCount" : 50,
    "errorCount" : 0,
    "errorPct" : 0.0,
    "meanResTime" : 40.959999999999994,
    "medianResTime" : 39.5,
    "minResTime" : 12.0,
    "maxResTime" : 111.0,
    "pct1ResTime" : 71.1,
    "pct2ResTime" : 88.24999999999997,
    "pct3ResTime" : 111.0,
    "throughput" : 5.012028869286287,
    "receivedKBytesPerSec" : 300.1045282114575,
    "sentKBytesPerSec" : 1.8550380287690456
  },
  "/zentao/js/all.js-3" : {
    "transaction" : "/zentao/js/all.js-3",
    "sampleCount" : 50,
    "errorCount" : 0,
    "errorPct" : 0.0,
    "meanResTime" : 118.15999999999998,
    "medianResTime" : 113.5,
    "minResTime" : 33.0,
    "maxResTime" : 272.0,
    "pct1ResTime" : 195.89999999999998,
    "pct2ResTime" : 217.29999999999984,
    "pct3ResTime" : 272.0,
    "throughput" : 4.868549172346641,
    "receivedKBytesPerSec" : 727.547620496592,
    "sentKBytesPerSec" : 1.83046038218111
  },
  "/zentao/bug-edit-5.html-24" : {
    "transaction" : "/zentao/bug-edit-5.html-24",
    "sampleCount" : 50,
    "errorCount" : 0,
    "errorPct" : 0.0,
    "meanResTime" : 83.72,
    "medianResTime" : 82.0,
    "minResTime" : 26.0,
    "maxResTime" : 178.0,
    "pct1ResTime" : 139.89999999999998,
    "pct2ResTime" : 154.7,
    "pct3ResTime" : 178.0,
    "throughput" : 5.059704513256426,
    "receivedKBytesPerSec" : 21.023467541995547,
    "sentKBytesPerSec" : 21.785783179012345
  },
  "/zentao/bug-create-1-0-moduleID=0.html-17-1" : {
    "transaction" : "/zentao/bug-create-1-0-moduleID=0.html-17-1",
    "sampleCount" : 50,
    "errorCount" : 0,
    "errorPct" : 0.0,
    "meanResTime" : 70.60000000000001,
    "medianResTime" : 67.5,
    "minResTime" : 19.0,
    "maxResTime" : 168.0,
    "pct1ResTime" : 108.0,
    "pct2ResTime" : 137.89999999999992,
    "pct3ResTime" : 168.0,
    "throughput" : 4.934859849980261,
    "receivedKBytesPerSec" : 37.64758315238847,
    "sentKBytesPerSec" : 2.3324923509672324
  }
}