{
  "/zentao/bug-create-1-0-moduleID=0.html-17-0" : {
    "transaction" : "/zentao/bug-create-1-0-moduleID=0.html-17-0",
    "sampleCount" : 1000,
    "errorCount" : 0,
    "errorPct" : 0.0,
    "meanResTime" : 263.41500000000065,
    "medianResTime" : 198.0,
    "minResTime" : 9.0,
    "maxResTime" : 14720.0,
    "pct1ResTime" : 493.9,
    "pct2ResTime" : 613.8999999999999,
    "pct3ResTime" : 1018.8800000000001,
    "throughput" : 23.4571086767845,
    "receivedKBytesPerSec" : 28.196635810794962,
    "sentKBytesPerSec" : 82.04483404828646
  },
  "/zentao/bug-create-1-0-moduleID=0.html-10" : {
    "transaction" : "/zentao/bug-create-1-0-moduleID=0.html-10",
    "sampleCount" : 1000,
    "errorCount" : 0,
    "errorPct" : 0.0,
    "meanResTime" : 537.9449999999999,
    "medianResTime" : 489.0,
    "minResTime" : 19.0,
    "maxResTime" : 2522.0,
    "pct1ResTime" : 912.8,
    "pct2ResTime" : 1057.9499999999998,
    "pct3ResTime" : 1700.7200000000003,
    "throughput" : 23.200779546192752,
    "receivedKBytesPerSec" : 96.85645750197207,
    "sentKBytesPerSec" : 22.09058599368939
  },
  "/zentao/bug-create-1-0-moduleID=0.html-10-0" : {
    "transaction" : "/zentao/bug-create-1-0-moduleID=0.html-10-0",
    "sampleCount" : 1000,
    "errorCount" : 0,
    "errorPct" : 0.0,
    "meanResTime" : 233.69099999999986,
    "medianResTime" : 193.5,
    "minResTime" : 8.0,
    "maxResTime" : 1944.0,
    "pct1ResTime" : 464.9,
    "pct2ResTime" : 587.7999999999997,
    "pct3ResTime" : 755.97,
    "throughput" : 23.20616355704075,
    "receivedKBytesPerSec" : 28.259849566044743,
    "sentKBytesPerSec" : 10.991200512856215
  },
  "/zentao/bug-create-1-0-moduleID=0.html-10-1" : {
    "transaction" : "/zentao/bug-create-1-0-moduleID=0.html-10-1",
    "sampleCount" : 1000,
    "errorCount" : 0,
    "errorPct" : 0.0,
    "meanResTime" : 304.1599999999999,
    "medianResTime" : 253.5,
    "minResTime" : 9.0,
    "maxResTime" : 2026.0,
    "pct1ResTime" : 556.6999999999999,
    "pct2ResTime" : 704.1499999999988,
    "pct3ResTime" : 1185.96,
    "throughput" : 23.270967141394397,
    "receivedKBytesPerSec" : 68.8107044994415,
    "sentKBytesPerSec" : 11.135521386018803
  },
  "Total" : {
    "transaction" : "Total",
    "sampleCount" : 9000,
    "errorCount" : 0,
    "errorPct" : 0.0,
    "meanResTime" : 440.5583333333345,
    "medianResTime" : 367.0,
    "minResTime" : 8.0,
    "maxResTime" : 15300.0,
    "pct1ResTime" : 859.0,
    "pct2ResTime" : 1042.949999999999,
    "pct3ResTime" : 1478.9899999999998,
    "throughput" : 208.55540621958568,
    "receivedKBytesPerSec" : 796.6839599892246,
    "sentKBytesPerSec" : 273.8012499565509
  },
  "/zentao/bug-create-1-0-moduleID=0.html-17-1" : {
    "transaction" : "/zentao/bug-create-1-0-moduleID=0.html-17-1",
    "sampleCount" : 1000,
    "errorCount" : 0,
    "errorPct" : 0.0,
    "meanResTime" : 564.9640000000003,
    "medianResTime" : 523.0,
    "minResTime" : 14.0,
    "maxResTime" : 2131.0,
    "pct1ResTime" : 922.9,
    "pct2ResTime" : 1074.7999999999997,
    "pct3ResTime" : 1410.99,
    "throughput" : 23.62167524920867,
    "receivedKBytesPerSec" : 180.20087927995226,
    "sentKBytesPerSec" : 11.164932442008787
  },
  "/zentao/bug-browse-1-0-byModule-0-id_desc.html-18-1" : {
    "transaction" : "/zentao/bug-browse-1-0-byModule-0-id_desc.html-18-1",
    "sampleCount" : 1000,
    "errorCount" : 0,
    "errorPct" : 0.0,
    "meanResTime" : 281.9930000000001,
    "medianResTime" : 243.0,
    "minResTime" : 10.0,
    "maxResTime" : 1245.0,
    "pct1ResTime" : 529.5999999999999,
    "pct2ResTime" : 634.9499999999999,
    "pct3ResTime" : 898.7600000000002,
    "throughput" : 24.524831391784183,
    "receivedKBytesPerSec" : 72.52069282648682,
    "sentKBytesPerSec" : 12.046865419987737
  },
  "/zentao/bug-create-1-0-moduleID=0.html-17" : {
    "transaction" : "/zentao/bug-create-1-0-moduleID=0.html-17",
    "sampleCount" : 1000,
    "errorCount" : 0,
    "errorPct" : 0.0,
    "meanResTime" : 828.4699999999999,
    "medianResTime" : 767.5,
    "minResTime" : 24.0,
    "maxResTime" : 15300.0,
    "pct1ResTime" : 1303.9999999999998,
    "pct2ResTime" : 1485.6499999999996,
    "pct3ResTime" : 2011.98,
    "throughput" : 23.447758394297505,
    "receivedKBytesPerSec" : 207.05952927892278,
    "sentKBytesPerSec" : 93.09485955525463
  },
  "/zentao/bug-browse-1-0-byModule-0-id_desc.html-18" : {
    "transaction" : "/zentao/bug-browse-1-0-byModule-0-id_desc.html-18",
    "sampleCount" : 1000,
    "errorCount" : 0,
    "errorPct" : 0.0,
    "meanResTime" : 616.2240000000013,
    "medianResTime" : 601.5,
    "minResTime" : 18.0,
    "maxResTime" : 5060.0,
    "pct1ResTime" : 1002.6999999999999,
    "pct2ResTime" : 1130.8999999999999,
    "pct3ResTime" : 1368.8400000000001,
    "throughput" : 24.41883180308654,
    "receivedKBytesPerSec" : 102.18470328067006,
    "sentKBytesPerSec" : 24.061134071596015
  },
  "/zentao/bug-browse-1-0-byModule-0-id_desc.html-18-0" : {
    "transaction" : "/zentao/bug-browse-1-0-byModule-0-id_desc.html-18-0",
    "sampleCount" : 1000,
    "errorCount" : 0,
    "errorPct" : 0.0,
    "meanResTime" : 334.1630000000002,
    "medianResTime" : 328.0,
    "minResTime" : 8.0,
    "maxResTime" : 4960.0,
    "pct1ResTime" : 575.0,
    "pct2ResTime" : 655.0,
    "pct3ResTime" : 919.7700000000002,
    "throughput" : 24.426585896089303,
    "receivedKBytesPerSec" : 29.986973759740103,
    "sentKBytesPerSec" : 12.070168421309754
  }
}